{"done_training": true, "stop_early": false, "early_stopping_step": 0, "early_stopping_best_val": 100000000.0, "early_stopping_criteria": 5, "learning_rate": 0.001, "epoch_index": 29, "train_loss": [2.6044797698656708, 1.9057746162017184, 1.4983537097771955, 1.2697927693525957, 1.1291070406635604, 0.9855570420622827, 0.9081872033576167, 0.8406134652594728, 0.762553771585226, 0.7195690147578715, 0.6715269366900125, 0.6242627801994481, 0.6017797224223614, 0.5306461744010449, 0.5003821184237798, 0.4768205061554909, 0.4585165180265903, 0.4604345763723054, 0.4447650654862325, 0.42949837297201165, 0.4249055253962676, 0.4268079937746128, 0.4232047616193694, 0.4198167582352957, 0.417026777813832, 0.4120208726574977, 0.4076964445412159, 0.4160747542977333, 0.41435590522984656, 0.4084360677748919], "train_acc": [22.981770833333332, 43.61979166666666, 51.888020833333314, 56.940104166666664, 60.93749999999999, 64.02343750000001, 66.80989583333331, 67.74739583333336, 69.42708333333333, 69.88281250000003, 71.92708333333333, 72.68229166666664, 73.45052083333336, 76.41927083333334, 77.46093750000004, 77.53906249999999, 78.25520833333331, 78.0078125, 78.67187499999996, 79.45312499999999, 79.36197916666669, 79.36197916666669, 79.06249999999999, 79.85677083333331, 79.66145833333334, 80.26041666666667, 79.921875, 80.23437499999999, 80.06510416666671, 79.71354166666666], "val_loss": [2.2348372316360474, 1.8873653078079227, 1.6764936542510984, 1.5628444528579712, 1.4344644165039062, 1.4285328149795533, 1.4449445700645447, 1.3493969798088075, 1.3662807583808896, 1.325811610221863, 1.3036968016624455, 1.3689440989494326, 1.305668668746948, 1.372597229480744, 1.32414989233017, 1.293486223220825, 1.3622965025901796, 1.3567096233367915, 1.375343980789184, 1.3547976303100588, 1.4190183734893795, 1.387266778945923, 1.3666576671600343, 1.3867160534858702, 1.4014104938507081, 1.3381768321990968, 1.3306448888778684, 1.3755625653266907, 1.3576076149940492, 1.3099252462387085], "val_acc": [47.49999999999999, 47.999999999999986, 53.50000000000001, 53.75, 60.125, 63.25, 66.99999999999999, 62.49999999999999, 64.43749999999999, 65.43749999999999, 65.9375, 67.31249999999999, 71.00000000000001, 70.5625, 70.0, 73.0, 72.8125, 71.75, 72.24999999999997, 73.06250000000001, 73.18750000000003, 72.43750000000001, 73.06250000000001, 72.3125, 72.74999999999997, 72.5, 72.62499999999999, 72.87499999999999, 73.0, 72.68749999999999], "test_loss": 1.3304184913635253, "test_acc": 71.8125, "model_filename": "exp5/names/model.pth"}